block,backend,school,stride,lazy,length,alignment,cycles,bytes_per_cycle
512,1,0,0,1,262144,0,35406.15234,7.403911
512,1,0,0,1,262144,1,36056.10156,7.270448
512,1,0,0,1,262144,2,36075.88672,7.266460
512,1,0,0,1,262144,3,36083.77734,7.264871
512,1,0,0,1,262144,4,36247.21094,7.232115
512,1,0,0,1,262144,5,36226.97266,7.236155
512,1,0,0,1,262144,6,36132.73047,7.255029
512,1,0,0,1,262144,7,36191.17969,7.243312
512,1,0,0,1,1,0,136.28223,0.007338
512,1,0,0,1,2,0,134.60059,0.014859
512,1,0,0,1,3,0,136.13867,0.022036
512,1,0,0,1,4,0,134.15430,0.029816
512,1,0,0,1,5,0,135.10742,0.037008
512,1,0,0,1,6,0,135.62305,0.044240
512,1,0,0,1,7,0,135.86914,0.051520
512,1,0,0,1,8,0,134.55859,0.059454
512,1,0,0,1,9,0,134.85938,0.066736
512,1,0,0,1,10,0,134.62109,0.074283
512,1,0,0,1,11,0,136.55957,0.080551
512,1,0,0,1,12,0,134.49023,0.089226
512,1,0,0,1,13,0,136.55273,0.095201
512,1,0,0,1,14,0,134.39160,0.104173
512,1,0,0,1,15,0,134.90918,0.111186
512,1,0,0,1,16,0,135.06934,0.118458
512,1,0,0,1,17,0,178.98145,0.094982
512,1,0,0,1,18,0,178.20898,0.101005
512,1,0,0,1,19,0,180.49902,0.105264
512,1,0,0,1,20,0,178.68652,0.111928
512,1,0,0,1,21,0,180.52051,0.116330
512,1,0,0,1,22,0,179.49707,0.122565
512,1,0,0,1,23,0,181.47168,0.126742
512,1,0,0,1,24,0,177.99023,0.134839
512,1,0,0,1,25,0,180.32617,0.138638
512,1,0,0,1,26,0,186.86035,0.139141
512,1,0,0,1,27,0,183.08691,0.147471
512,1,0,0,1,28,0,178.72266,0.156667
512,1,0,0,1,29,0,183.24902,0.158255
512,1,0,0,1,30,0,179.92090,0.166740
512,1,0,0,1,31,0,182.06836,0.170266
512,1,0,0,1,32,0,178.83008,0.178941
512,1,0,0,1,33,0,222.69922,0.148182
512,1,0,0,1,34,0,224.58984,0.151387
512,1,0,0,1,35,0,222.51953,0.157290
512,1,0,0,1,36,0,220.60059,0.163191
512,1,0,0,1,37,0,221.68164,0.166906
512,1,0,0,1,38,0,221.20312,0.171788
512,1,0,0,1,39,0,224.15723,0.173985
512,1,0,0,1,40,0,221.50391,0.180584
512,1,0,0,1,41,0,223.19141,0.183699
512,1,0,0,1,42,0,223.00098,0.188340
512,1,0,0,1,43,0,225.42578,0.190750
512,1,0,0,1,44,0,222.28711,0.197942
512,1,0,0,1,45,0,223.49023,0.201351
512,1,0,0,1,46,0,223.69727,0.205635
512,1,0,0,1,47,0,223.68164,0.210120
512,1,0,0,1,48,0,222.36328,0.215863
512,1,0,0,1,49,0,265.35156,0.184661
512,1,0,0,1,50,0,263.92090,0.189451
512,1,0,0,1,51,0,267.01758,0.190999
512,1,0,0,1,52,0,263.95801,0.197001
512,1,0,0,1,53,0,266.61035,0.198792
512,1,0,0,1,54,0,265.00293,0.203771
512,1,0,0,1,55,0,266.51953,0.206364
512,1,0,0,1,56,0,264.60938,0.211633
512,1,0,0,1,57,0,266.39844,0.213965
512,1,0,0,1,58,0,266.70508,0.217469
512,1,0,0,1,59,0,267.04395,0.220937
512,1,0,0,1,60,0,265.47656,0.226009
512,1,0,0,1,61,0,266.83789,0.228603
512,1,0,0,1,62,0,266.97363,0.232233
512,1,0,0,1,63,0,266.95898,0.235991
512,1,0,0,1,64,0,266.10742,0.240504
512,1,0,0,1,65,0,308.15723,0.210931
512,1,0,0,1,66,0,309.44141,0.213288
512,1,0,0,1,67,0,323.84766,0.206887
512,1,0,0,1,68,0,308.39258,0.220498
512,1,0,0,1,69,0,308.40332,0.223733
512,1,0,0,1,70,0,308.64648,0.226797
512,1,0,0,1,71,0,311.22949,0.228127
512,1,0,0,1,72,0,307.67090,0.234016
512,1,0,0,1,73,0,309.48438,0.235876
512,1,0,0,1,74,0,309.13867,0.239375
512,1,0,0,1,75,0,311.60547,0.240689
512,1,0,0,1,76,0,308.54785,0.246315
512,1,0,0,1,77,0,389.69824,0.197589
512,1,0,0,1,78,0,325.21582,0.239841
512,1,0,0,1,79,0,309.44531,0.255296
512,1,0,0,1,80,0,308.20508,0.259567
512,1,0,0,1,81,0,366.66016,0.220913
512,1,0,0,1,82,0,350.85742,0.233713
512,1,0,0,1,83,0,352.95020,0.235161
512,1,0,0,1,84,0,349.62305,0.240259
512,1,0,0,1,85,0,365.95703,0.232268
512,1,0,0,1,86,0,350.91504,0.245074
512,1,0,0,1,87,0,351.58691,0.247449
512,1,0,0,1,88,0,358.64062,0.245371
512,1,0,0,1,89,0,366.16016,0.243063
512,1,0,0,1,90,0,369.35547,0.243668
512,1,0,0,1,91,0,354.08008,0.257004
512,1,0,0,1,92,0,352.13184,0.261266
512,1,0,0,1,93,0,375.60352,0.247602
512,1,0,0,1,94,0,351.61426,0.267338
512,1,0,0,1,95,0,352.77734,0.269292
512,1,0,0,1,96,0,351.70801,0.272954
512,1,0,0,1,97,0,393.46387,0.246528
512,1,0,0,1,98,0,397.28027,0.246677
512,1,0,0,1,99,0,396.33691,0.249787
512,1,0,0,1,100,0,407.34863,0.245490
512,1,0,0,1,101,0,410.17090,0.246239
512,1,0,0,1,102,0,394.42773,0.258603
512,1,0,0,1,103,0,396.45508,0.259802
512,1,0,0,1,104,0,394.39355,0.263696
512,1,0,0,1,105,0,395.23145,0.265667
512,1,0,0,1,106,0,408.36426,0.259572
512,1,0,0,1,107,0,421.26270,0.253998
512,1,0,0,1,108,0,406.50488,0.265679
512,1,0,0,1,109,0,394.87891,0.276034
512,1,0,0,1,110,0,395.39258,0.278205
512,1,0,0,1,111,0,395.32617,0.280781
512,1,0,0,1,112,0,394.28418,0.284059
512,1,0,0,1,113,0,436.03613,0.259153
512,1,0,0,1,114,0,449.15527,0.253810
512,1,0,0,1,115,0,451.14258,0.254908
512,1,0,0,1,116,0,435.69336,0.266242
512,1,0,0,1,117,0,438.72852,0.266680
512,1,0,0,1,118,0,437.24414,0.269872
512,1,0,0,1,119,0,438.72852,0.271238
512,1,0,0,1,120,0,451.65430,0.265690
512,1,0,0,1,121,0,437.91016,0.276312
512,1,0,0,1,122,0,437.82422,0.278651
512,1,0,0,1,123,0,450.84570,0.272821
512,1,0,0,1,124,0,460.11035,0.269501
512,1,0,0,1,125,0,438.50879,0.285057
512,1,0,0,1,126,0,444.57520,0.283417
512,1,0,0,1,127,0,455.88672,0.278578
512,1,0,0,1,128,0,448.62695,0.285315
512,1,0,0,1,129,0,1083.48242,0.119061
512,1,0,0,1,130,0,1086.57520,0.119642
512,1,0,0,1,131,0,1084.23438,0.120823
512,1,0,0,1,132,0,1085.12891,0.121645
512,1,0,0,1,133,0,1084.31348,0.122658
512,1,0,0,1,134,0,1083.38477,0.123686
512,1,0,0,1,135,0,1088.25977,0.124051
512,1,0,0,1,136,0,1083.62988,0.125504
512,1,0,0,1,137,0,1091.02637,0.125570
512,1,0,0,1,138,0,1087.63867,0.126880
512,1,0,0,1,139,0,1086.44922,0.127940
512,1,0,0,1,140,0,1085.33496,0.128992
512,1,0,0,1,141,0,1086.04785,0.129829
512,1,0,0,1,142,0,1090.36230,0.130232
512,1,0,0,1,143,0,1086.33301,0.131636
512,1,0,0,1,144,0,1087.12988,0.132459
512,1,0,0,1,145,0,1105.37793,0.131177
512,1,0,0,1,146,0,1104.05371,0.132240
512,1,0,0,1,147,0,1105.16406,0.133012
512,1,0,0,1,148,0,1105.02344,0.133934
512,1,0,0,1,149,0,1110.31055,0.134197
512,1,0,0,1,150,0,1104.35254,0.135826
512,1,0,0,1,151,0,1106.81445,0.136428
512,1,0,0,1,152,0,1104.29492,0.137644
512,1,0,0,1,153,0,1105.56055,0.138391
512,1,0,0,1,154,0,1104.74219,0.139399
512,1,0,0,1,155,0,1107.70215,0.139929
512,1,0,0,1,156,0,1105.25977,0.141143
512,1,0,0,1,157,0,1091.72363,0.143809
512,1,0,0,1,158,0,1105.00586,0.142986
512,1,0,0,1,159,0,1105.91016,0.143773
512,1,0,0,1,160,0,1104.50391,0.144861
512,1,0,0,1,161,0,1121.90625,0.143506
512,1,0,0,1,162,0,1123.93457,0.144137
512,1,0,0,1,163,0,1126.22168,0.144732
512,1,0,0,1,164,0,1122.15918,0.146147
512,1,0,0,1,165,0,1125.64062,0.146583
512,1,0,0,1,166,0,1125.27539,0.147519
512,1,0,0,1,167,0,1122.32910,0.148798
512,1,0,0,1,168,0,1126.00000,0.149201
512,1,0,0,1,169,0,1123.33496,0.150445
512,1,0,0,1,170,0,1123.56836,0.151304
512,1,0,0,1,171,0,1139.07227,0.150122
512,1,0,0,1,172,0,1122.95508,0.153167
512,1,0,0,1,173,0,1126.15723,0.153620
512,1,0,0,1,174,0,1122.55859,0.155003
512,1,0,0,1,175,0,1124.21973,0.155664
512,1,0,0,1,176,0,1126.46484,0.156241
512,1,0,0,1,177,0,1140.03809,0.155258
512,1,0,0,1,178,0,1141.37598,0.155952
512,1,0,0,1,179,0,1142.94531,0.156613
512,1,0,0,1,180,0,1140.72266,0.157795
512,1,0,0,1,181,0,1141.46289,0.158568
512,1,0,0,1,182,0,1141.38184,0.159456
512,1,0,0,1,183,0,1144.45605,0.159901
512,1,0,0,1,184,0,1139.62891,0.161456
512,1,0,0,1,185,0,1145.35449,0.161522
512,1,0,0,1,186,0,1142.17188,0.162848
512,1,0,0,1,187,0,1141.92676,0.163758
512,1,0,0,1,188,0,1143.23730,0.164445
512,1,0,0,1,189,0,1149.05664,0.164483
512,1,0,0,1,190,0,1140.42871,0.166604
512,1,0,0,1,191,0,1143.13086,0.167085
512,1,0,0,1,192,0,1144.87305,0.167704
512,1,0,0,1,193,0,1161.42188,0.166176
512,1,0,0,1,194,0,1160.93457,0.167107
512,1,0,0,1,195,0,1147.34570,0.169957
512,1,0,0,1,196,0,1158.32617,0.169210
512,1,0,0,1,197,0,1160.23828,0.169793
512,1,0,0,1,198,0,1159.95020,0.170697
512,1,0,0,1,199,0,1158.79297,0.171730
512,1,0,0,1,200,0,1160.00293,0.172413
512,1,0,0,1,201,0,1163.08887,0.172816
512,1,0,0,1,202,0,1163.39453,0.173630
512,1,0,0,1,203,0,1161.22461,0.174815
512,1,0,0,1,204,0,1160.56934,0.175776
512,1,0,0,1,205,0,1170.11426,0.175197
512,1,0,0,1,206,0,1161.31738,0.177385
512,1,0,0,1,207,0,1163.75000,0.177873
512,1,0,0,1,208,0,1160.95996,0.179162
512,1,0,0,1,209,0,1181.22266,0.176935
512,1,0,0,1,210,0,1179.09277,0.178103
512,1,0,0,1,211,0,1180.14648,0.178791
512,1,0,0,1,212,0,1176.18359,0.180244
512,1,0,0,1,213,0,1180.09863,0.180493
512,1,0,0,1,214,0,1180.61816,0.181261
512,1,0,0,1,215,0,1178.00684,0.182512
512,1,0,0,1,216,0,1178.26953,0.183320
512,1,0,0,1,217,0,1181.91504,0.183600
512,1,0,0,1,218,0,1180.36719,0.184688
512,1,0,0,1,219,0,1179.06934,0.185740
512,1,0,0,1,220,0,1179.52246,0.186516
512,1,0,0,1,221,0,1182.03516,0.186966
512,1,0,0,1,222,0,1179.39941,0.188231
512,1,0,0,1,223,0,1180.96875,0.188828
512,1,0,0,1,224,0,1181.80371,0.189541
512,1,0,0,1,225,0,1196.35938,0.188071
512,1,0,0,1,226,0,1196.71387,0.188850
512,1,0,0,1,227,0,1196.89453,0.189657
512,1,0,0,1,228,0,1195.04785,0.190787
512,1,0,0,1,229,0,1206.69043,0.189775
512,1,0,0,1,230,0,1199.33496,0.191773
512,1,0,0,1,231,0,1199.15527,0.192636
512,1,0,0,1,232,0,1196.19922,0.193948
512,1,0,0,1,233,0,1201.34668,0.193949
512,1,0,0,1,234,0,1197.74902,0.195366
512,1,0,0,1,235,0,1197.89258,0.196178
512,1,0,0,1,236,0,1198.45020,0.196921
512,1,0,0,1,237,0,1198.20312,0.197796
512,1,0,0,1,238,0,1199.58691,0.198402
512,1,0,0,1,239,0,1199.68945,0.199218
512,1,0,0,1,240,0,1204.55273,0.199244
512,1,0,0,1,241,0,1215.24414,0.198314
512,1,0,0,1,242,0,1213.82422,0.199370
512,1,0,0,1,243,0,1218.12402,0.199487
512,1,0,0,1,244,0,1214.41895,0.200919
512,1,0,0,1,245,0,1218.26953,0.201105
512,1,0,0,1,246,0,1216.77051,0.202175
512,1,0,0,1,247,0,1214.83203,0.203320
512,1,0,0,1,248,0,1214.63281,0.204177
512,1,0,0,1,249,0,1218.46094,0.204356
512,1,0,0,1,250,0,1216.11230,0.205573
512,1,0,0,1,251,0,1220.83008,0.205598
512,1,0,0,1,252,0,1216.26758,0.207191
512,1,0,0,1,253,0,1215.56445,0.208134
512,1,0,0,1,254,0,1213.83691,0.209254
512,1,0,0,1,255,0,1224.95605,0.208171
512,1,0,0,1,256,0,1213.31738,0.210992
512,1,1,0,1,262144,0,31461.54297,8.332204
512,1,1,0,1,262144,1,31870.31250,8.225335
512,1,1,0,1,262144,2,31997.53906,8.192630
512,1,1,0,1,262144,3,31939.60156,8.207491
512,1,1,0,1,262144,4,31974.98438,8.198409
512,1,1,0,1,262144,5,31913.64453,8.214167
512,1,1,0,1,262144,6,32109.57031,8.164046
512,1,1,0,1,262144,7,32016.81250,8.187698
512,1,1,0,1,1,0,135.28320,0.007392
512,1,1,0,1,2,0,134.35254,0.014886
512,1,1,0,1,3,0,136.41602,0.021992
512,1,1,0,1,4,0,134.45312,0.029750
512,1,1,0,1,5,0,142.93652,0.034981
512,1,1,0,1,6,0,135.55469,0.044263
512,1,1,0,1,7,0,136.89746,0.051133
512,1,1,0,1,8,0,134.12109,0.059648
512,1,1,0,1,9,0,135.35156,0.066494
512,1,1,0,1,10,0,135.73438,0.073673
512,1,1,0,1,11,0,138.18945,0.079601
512,1,1,0,1,12,0,135.02246,0.088874
512,1,1,0,1,13,0,136.57910,0.095183
512,1,1,0,1,14,0,136.08789,0.102875
512,1,1,0,1,15,0,135.85156,0.110415
512,1,1,0,1,16,0,135.65234,0.117949
512,1,1,0,1,17,0,179.43457,0.094742
512,1,1,0,1,18,0,178.19727,0.101012
512,1,1,0,1,19,0,180.65430,0.105173
512,1,1,0,1,20,0,178.22070,0.112220
512,1,1,0,1,21,0,180.95898,0.116048
512,1,1,0,1,22,0,180.78516,0.121691
512,1,1,0,1,23,0,180.04980,0.127742
512,1,1,0,1,24,0,178.23926,0.134650
512,1,1,0,1,25,0,179.71680,0.139108
512,1,1,0,1,26,0,180.22461,0.144264
512,1,1,0,1,27,0,183.06250,0.147491
512,1,1,0,1,28,0,179.35156,0.156118
512,1,1,0,1,29,0,182.45215,0.158946
512,1,1,0,1,30,0,179.93066,0.166731
512,1,1,0,1,31,0,180.69434,0.171560
512,1,1,0,1,32,0,180.06543,0.177713
512,1,1,0,1,33,0,221.60645,0.148913
512,1,1,0,1,34,0,222.30273,0.152945
512,1,1,0,1,35,0,221.78223,0.157812
512,1,1,0,1,36,0,221.15625,0.162781
512,1,1,0,1,37,0,223.76562,0.165352
512,1,1,0,1,38,0,221.03125,0.171921
512,1,1,0,1,39,0,225.31348,0.173092
512,1,1,0,1,40,0,221.39941,0.180669
512,1,1,0,1,41,0,222.99219,0.183863
512,1,1,0,1,42,0,223.74707,0.187712
512,1,1,0,1,43,0,225.35449,0.190810
512,1,1,0,1,44,0,222.80957,0.197478
512,1,1,0,1,45,0,223.62109,0.201233
512,1,1,0,1,46,0,233.11523,0.197327
512,1,1,0,1,47,0,223.79297,0.210016
512,1,1,0,1,48,0,222.49609,0.215734
512,1,1,0,1,49,0,265.04883,0.184872
512,1,1,0,1,50,0,265.37012,0.188416
512,1,1,0,1,51,0,266.76465,0.191180
512,1,1,0,1,52,0,263.99316,0.196975
512,1,1,0,1,53,0,265.82129,0.199382
512,1,1,0,1,54,0,265.12793,0.203675
512,1,1,0,1,55,0,265.78906,0.206931
512,1,1,0,1,56,0,264.45410,0.211757
512,1,1,0,1,57,0,266.36914,0.213989
512,1,1,0,1,58,0,266.48926,0.217645
512,1,1,0,1,59,0,266.65527,0.221259
512,1,1,0,1,60,0,273.71582,0.219205
512,1,1,0,1,61,0,266.90820,0.228543
512,1,1,0,1,62,0,266.94922,0.232254
512,1,1,0,1,63,0,266.95703,0.235993
512,1,1,0,1,64,0,266.30859,0.240323
512,1,1,0,1,65,0,309.62793,0.209929
512,1,1,0,1,66,0,308.97559,0.213609
512,1,1,0,1,67,0,310.63477,0.215687
512,1,1,0,1,68,0,308.22852,0.220616
512,1,1,0,1,69,0,308.52637,0.223644
512,1,1,0,1,70,0,307.80566,0.227416
512,1,1,0,1,71,0,324.75195,0.218628
512,1,1,0,1,72,0,306.91602,0.234592
512,1,1,0,1,73,0,309.10059,0.236169
512,1,1,0,1,74,0,309.85938,0.238818
512,1,1,0,1,75,0,312.03906,0.240355
512,1,1,0,1,76,0,308.22363,0.246574
512,1,1,0,1,77,0,320.80371,0.240022
512,1,1,0,1,78,0,309.92578,0.251673
512,1,1,0,1,79,0,309.61719,0.255154
512,1,1,0,1,80,0,308.39355,0.259409
512,1,1,0,1,81,0,350.36719,0.231186
512,1,1,0,1,82,0,352.42188,0.232676
512,1,1,0,1,83,0,353.11719,0.235049
512,1,1,0,1,84,0,369.92773,0.227071
512,1,1,0,1,85,0,352.53906,0.241108
512,1,1,0,1,86,0,363.78516,0.236403
512,1,1,0,1,87,0,354.00098,0.245762
512,1,1,0,1,88,0,351.28613,0.250508
512,1,1,0,1,89,0,352.41895,0.252540
512,1,1,0,1,90,0,352.57129,0.255268
512,1,1,0,1,91,0,353.66406,0.257306
512,1,1,0,1,92,0,352.44238,0.261036
512,1,1,0,1,93,0,366.58691,0.253692
512,1,1,0,1,94,0,374.81152,0.250793
512,1,1,0,1,95,0,365.47852,0.259933
512,1,1,0,1,96,0,351.33398,0.273244
512,1,1,0,1,97,0,393.38477,0.246578
512,1,1,0,1,98,0,396.22852,0.247332
512,1,1,0,1,99,0,395.05273,0.250599
512,1,1,0,1,100,0,393.54883,0.254098
512,1,1,0,1,101,0,404.07715,0.249952
512,1,1,0,1,102,0,407.17578,0.250506
512,1,1,0,1,103,0,396.35254,0.259870
512,1,1,0,1,104,0,392.42383,0.265020
512,1,1,0,1,105,0,395.43555,0.265530
512,1,1,0,1,106,0,408.90625,0.259228
512,1,1,0,1,107,0,398.13477,0.268753
512,1,1,0,1,108,0,413.54688,0.261155
512,1,1,0,1,109,0,395.15234,0.275843
512,1,1,0,1,110,0,395.47461,0.278147
512,1,1,0,1,111,0,396.04883,0.280268
512,1,1,0,1,112,0,394.11816,0.284179
512,1,1,0,1,113,0,457.68945,0.246892
512,1,1,0,1,114,0,436.94922,0.260900
512,1,1,0,1,115,0,438.84277,0.262053
512,1,1,0,1,116,0,437.65625,0.265048
512,1,1,0,1,117,0,438.77051,0.266654
512,1,1,0,1,118,0,437.19434,0.269903
512,1,1,0,1,119,0,440.59570,0.270089
512,1,1,0,1,120,0,436.47754,0.274928
512,1,1,0,1,121,0,450.00879,0.268884
512,1,1,0,1,122,0,439.71973,0.277449
512,1,1,0,1,123,0,450.68359,0.272919
512,1,1,0,1,124,0,449.30469,0.275982
512,1,1,0,1,125,0,438.83594,0.284844
512,1,1,0,1,126,0,439.12012,0.286937
512,1,1,0,1,127,0,438.72363,0.289476
512,1,1,0,1,128,0,437.38086,0.292651
512,1,1,0,1,129,0,1081.96875,0.119227
512,1,1,0,1,130,0,1078.95801,0.120487
512,1,1,0,1,131,0,1079.20410,0.121386
512,1,1,0,1,132,0,1081.40332,0.122064
512,1,1,0,1,133,0,1079.15625,0.123244
512,1,1,0,1,134,0,1079.14551,0.124172
512,1,1,0,1,135,0,1082.32031,0.124732
512,1,1,0,1,136,0,1078.11328,0.126146
512,1,1,0,1,137,0,1080.19434,0.126829
512,1,1,0,1,138,0,1078.89844,0.127908
512,1,1,0,1,139,0,1085.26660,0.128079
512,1,1,0,1,140,0,1080.01953,0.129627
512,1,1,0,1,141,0,1080.66113,0.130476
512,1,1,0,1,142,0,1083.24707,0.131087
512,1,1,0,1,143,0,1081.58887,0.132213
512,1,1,0,1,144,0,1080.58008,0.133262
512,1,1,0,1,145,0,1101.01660,0.131696
512,1,1,0,1,146,0,1099.14941,0.132830
512,1,1,0,1,147,0,1099.74316,0.133668
512,1,1,0,1,148,0,1097.78125,0.134817
512,1,1,0,1,149,0,1099.72754,0.135488
512,1,1,0,1,150,0,1100.72656,0.136274
512,1,1,0,1,151,0,1101.12695,0.137132
512,1,1,0,1,152,0,1100.28516,0.138146
512,1,1,0,1,153,0,1102.83789,0.138733
512,1,1,0,1,154,0,1100.48730,0.139938
512,1,1,0,1,155,0,1100.09082,0.140897
512,1,1,0,1,156,0,1102.73242,0.141467
512,1,1,0,1,157,0,1100.13184,0.142710
512,1,1,0,1,158,0,1098.79688,0.143794
512,1,1,0,1,159,0,1101.18945,0.144389
512,1,1,0,1,160,0,1098.41699,0.145664
512,1,1,0,1,161,0,1118.76465,0.143909
512,1,1,0,1,162,0,1119.95703,0.144648
512,1,1,0,1,163,0,1119.69238,0.145576
512,1,1,0,1,164,0,1119.83203,0.146451
512,1,1,0,1,165,0,1119.65820,0.147366
512,1,1,0,1,166,0,1117.56738,0.148537
512,1,1,0,1,167,0,1119.97559,0.149110
512,1,1,0,1,168,0,1119.56152,0.150059
512,1,1,0,1,169,0,1120.62305,0.150809
512,1,1,0,1,170,0,1120.59473,0.151705
512,1,1,0,1,171,0,1118.05762,0.152944
512,1,1,0,1,172,0,1118.65234,0.153756
512,1,1,0,1,173,0,1120.16699,0.154441
512,1,1,0,1,174,0,1120.38379,0.155304
512,1,1,0,1,175,0,1119.99219,0.156251
512,1,1,0,1,176,0,1117.05762,0.157557
512,1,1,0,1,177,0,1139.23535,0.155367
512,1,1,0,1,178,0,1137.42285,0.156494
512,1,1,0,1,179,0,1137.16211,0.157409
512,1,1,0,1,180,0,1136.46484,0.158386
512,1,1,0,1,181,0,1137.20312,0.159162
512,1,1,0,1,182,0,1137.63184,0.159981
512,1,1,0,1,183,0,1140.41309,0.160468
512,1,1,0,1,184,0,1137.37598,0.161776
512,1,1,0,1,185,0,1139.99805,0.162281
512,1,1,0,1,186,0,1139.82324,0.163183
512,1,1,0,1,187,0,1137.72656,0.164363
512,1,1,0,1,188,0,1139.49316,0.164986
512,1,1,0,1,189,0,1138.97656,0.165938
512,1,1,0,1,190,0,1135.40625,0.167341
512,1,1,0,1,191,0,1140.88477,0.167414
512,1,1,0,1,192,0,1135.58594,0.169076
512,1,1,0,1,193,0,1157.57812,0.166727
512,1,1,0,1,194,0,1153.91797,0.168123
512,1,1,0,1,195,0,1158.66113,0.168298
512,1,1,0,1,196,0,1154.70703,0.169740
512,1,1,0,1,197,0,1155.44434,0.170497
512,1,1,0,1,198,0,1156.37109,0.171225
512,1,1,0,1,199,0,1156.33984,0.172095
512,1,1,0,1,200,0,1155.40039,0.173100
512,1,1,0,1,201,0,1156.84473,0.173748
512,1,1,0,1,202,0,1157.45996,0.174520
512,1,1,0,1,203,0,1158.86426,0.175172
512,1,1,0,1,204,0,1154.76074,0.176660
512,1,1,0,1,205,0,1155.37109,0.177432
512,1,1,0,1,206,0,1162.92969,0.177139
512,1,1,0,1,207,0,1156.55078,0.178980
512,1,1,0,1,208,0,1156.04785,0.179923
512,1,1,0,1,209,0,1172.70215,0.178221
512,1,1,0,1,210,0,1173.17383,0.179002
512,1,1,0,1,211,0,1168.68359,0.180545
512,1,1,0,1,212,0,1172.98145,0.180736
512,1,1,0,1,213,0,1174.01758,0.181428
512,1,1,0,1,214,0,1173.50195,0.182360
512,1,1,0,1,215,0,1174.18848,0.183105
512,1,1,0,1,216,0,1173.94922,0.183994
512,1,1,0,1,217,0,1174.54199,0.184753
512,1,1,0,1,218,0,1176.42480,0.185307
512,1,1,0,1,219,0,1173.47559,0.186625
512,1,1,0,1,220,0,1176.01074,0.187073
512,1,1,0,1,221,0,1174.15234,0.188221
512,1,1,0,1,222,0,1177.06055,0.188605
512,1,1,0,1,223,0,1172.38086,0.190211
512,1,1,0,1,224,0,1173.82715,0.190829
512,1,1,0,1,225,0,1195.10742,0.188268
512,1,1,0,1,226,0,1192.28613,0.189552
512,1,1,0,1,227,0,1201.34473,0.188955
512,1,1,0,1,228,0,1194.96387,0.190801
512,1,1,0,1,229,0,1191.74316,0.192155
512,1,1,0,1,230,0,1194.29785,0.192582
512,1,1,0,1,231,0,1194.71875,0.193351
512,1,1,0,1,232,0,1191.42676,0.194725
512,1,1,0,1,233,0,1197.87012,0.194512
512,1,1,0,1,234,0,1193.44434,0.196071
512,1,1,0,1,235,0,1194.83984,0.196679
512,1,1,0,1,236,0,1192.57129,0.197892
512,1,1,0,1,237,0,1193.53711,0.198569
512,1,1,0,1,238,0,1192.23828,0.199625
512,1,1,0,1,239,0,1192.03125,0.200498
512,1,1,0,1,240,0,1192.43164,0.201269
512,1,1,0,1,241,0,1211.16699,0.198982
512,1,1,0,1,242,0,1210.27344,0.199955
512,1,1,0,1,243,0,1211.65430,0.200552
512,1,1,0,1,244,0,1210.97168,0.201491
512,1,1,0,1,245,0,1208.78613,0.202683
512,1,1,0,1,246,0,1210.79395,0.203172
512,1,1,0,1,247,0,1209.57422,0.204204
512,1,1,0,1,248,0,1207.30762,0.205416
512,1,1,0,1,249,0,1213.54004,0.205185
512,1,1,0,1,250,0,1209.40137,0.206714
512,1,1,0,1,251,0,1208.49707,0.207696
512,1,1,0,1,252,0,1212.53613,0.207829
512,1,1,0,1,253,0,1210.64551,0.208979
512,1,1,0,1,254,0,1208.73438,0.210137
512,1,1,0,1,255,0,1209.17188,0.210888
512,1,1,0,1,256,0,1210.26953,0.211523
512,2,0,0,1,262144,0,27755.88672,9.444627
512,2,0,0,1,262144,1,27650.30859,9.480690
512,2,0,0,1,262144,2,27518.35938,9.526149
512,2,0,0,1,262144,3,27544.73438,9.517028
512,2,0,0,1,262144,4,27297.35938,9.603273
512,2,0,0,1,262144,5,27376.02344,9.575679
512,2,0,0,1,262144,6,27401.23828,9.566867
512,2,0,0,1,262144,7,27438.94141,9.553721
512,2,0,0,1,1,0,135.18262,0.007397
512,2,0,0,1,2,0,134.20020,0.014903
512,2,0,0,1,3,0,136.05078,0.022051
512,2,0,0,1,4,0,133.87598,0.029878
512,2,0,0,1,5,0,135.34961,0.036941
512,2,0,0,1,6,0,135.98242,0.044123
512,2,0,0,1,7,0,136.62988,0.051233
512,2,0,0,1,8,0,134.95117,0.059281
512,2,0,0,1,9,0,135.40723,0.066466
512,2,0,0,1,10,0,136.54590,0.073235
512,2,0,0,1,11,0,144.30371,0.076228
512,2,0,0,1,12,0,134.41699,0.089274
512,2,0,0,1,13,0,135.50195,0.095940
512,2,0,0,1,14,0,135.78809,0.103102
512,2,0,0,1,15,0,134.61523,0.111429
512,2,0,0,1,16,0,134.74707,0.118741
512,2,0,0,1,17,0,179.46289,0.094727
512,2,0,0,1,18,0,179.24609,0.100421
512,2,0,0,1,19,0,181.73730,0.104547
512,2,0,0,1,20,0,178.14258,0.112270
512,2,0,0,1,21,0,180.98730,0.116030
512,2,0,0,1,22,0,179.87500,0.122307
512,2,0,0,1,23,0,180.85938,0.127171
512,2,0,0,1,24,0,177.76953,0.135006
512,2,0,0,1,25,0,181.46973,0.137764
512,2,0,0,1,26,0,180.27832,0.144221
512,2,0,0,1,27,0,181.51367,0.148749
512,2,0,0,1,28,0,178.70801,0.156680
512,2,0,0,1,29,0,182.19043,0.159174
512,2,0,0,1,30,0,179.89355,0.166765
512,2,0,0,1,31,0,179.43555,0.172764
512,2,0,0,1,32,0,178.28711,0.179486
512,2,0,0,1,33,0,229.44727,0.143824
512,2,0,0,1,34,0,222.34180,0.152918
512,2,0,0,1,35,0,223.14746,0.156847
512,2,0,0,1,36,0,220.95996,0.162925
512,2,0,0,1,37,0,222.57031,0.166240
512,2,0,0,1,38,0,221.75293,0.171362
512,2,0,0,1,39,0,224.03418,0.174081
512,2,0,0,1,40,0,221.26172,0.180781
512,2,0,0,1,41,0,230.47168,0.177896
512,2,0,0,1,42,0,222.56738,0.188707
512,2,0,0,1,43,0,225.55371,0.190642
512,2,0,0,1,44,0,222.39062,0.197850
512,2,0,0,1,45,0,223.50195,0.201341
512,2,0,0,1,46,0,223.41113,0.205898
512,2,0,0,1,47,0,223.74512,0.210060
512,2,0,0,1,48,0,222.00195,0.216214
512,2,0,0,1,49,0,264.83789,0.185019
512,2,0,0,1,50,0,264.70996,0.188886
512,2,0,0,1,51,0,267.07324,0.190959
512,2,0,0,1,52,0,263.60449,0.197265
512,2,0,0,1,53,0,266.36328,0.198976
512,2,0,0,1,54,0,265.07910,0.203713
512,2,0,0,1,55,0,267.55176,0.205568
512,2,0,0,1,56,0,265.33887,0.211051
512,2,0,0,1,57,0,266.37305,0.213986
512,2,0,0,1,58,0,266.43066,0.217693
512,2,0,0,1,59,0,267.50488,0.220557
512,2,0,0,1,60,0,265.44629,0.226034
512,2,0,0,1,61,0,266.77441,0.228658
512,2,0,0,1,62,0,266.58984,0.232567
512,2,0,0,1,63,0,266.97852,0.235974
512,2,0,0,1,64,0,265.16211,0.241362
512,2,0,0,1,65,0,307.34961,0.211486
512,2,0,0,1,66,0,323.00781,0.204329
512,2,0,0,1,67,0,309.29199,0.216624
512,2,0,0,1,68,0,308.08203,0.220720
512,2,0,0,1,69,0,323.46777,0.213313
512,2,0,0,1,70,0,307.38574,0.227727
512,2,0,0,1,71,0,310.56055,0.228619
512,2,0,0,1,72,0,309.12305,0.232917
512,2,0,0,1,73,0,310.03711,0.235456
512,2,0,0,1,74,0,308.31445,0.240015
512,2,0,0,1,75,0,319.85547,0.234481
512,2,0,0,1,76,0,308.97168,0.245977
512,2,0,0,1,77,0,309.61523,0.248696
512,2,0,0,1,78,0,309.88086,0.251710
512,2,0,0,1,79,0,310.31152,0.254583
512,2,0,0,1,80,0,308.24219,0.259536
512,2,0,0,1,81,0,350.70117,0.230966
512,2,0,0,1,82,0,362.46484,0.226229
512,2,0,0,1,83,0,352.87988,0.235208
512,2,0,0,1,84,0,349.59180,0.240280
512,2,0,0,1,85,0,365.74219,0.232404
512,2,0,0,1,86,0,365.87695,0.235052
512,2,0,0,1,87,0,351.66602,0.247394
512,2,0,0,1,88,0,350.66602,0.250951
512,2,0,0,1,89,0,352.27246,0.252645
512,2,0,0,1,90,0,366.39551,0.245636
512,2,0,0,1,91,0,353.36621,0.257523
512,2,0,0,1,92,0,351.87793,0.261454
512,2,0,0,1,93,0,352.62598,0.263736
512,2,0,0,1,94,0,370.36621,0.253803
512,2,0,0,1,95,0,364.67090,0.260509
512,2,0,0,1,96,0,351.63281,0.273012
512,2,0,0,1,97,0,394.47949,0.245894
512,2,0,0,1,98,0,397.89258,0.246298
512,2,0,0,1,99,0,395.25586,0.250471
512,2,0,0,1,100,0,393.64941,0.254033
512,2,0,0,1,101,0,394.30957,0.256144
512,2,0,0,1,102,0,393.39648,0.259280
512,2,0,0,1,103,0,411.61719,0.250233
512,2,0,0,1,104,0,392.39355,0.265040
512,2,0,0,1,105,0,394.25293,0.266326
512,2,0,0,1,106,0,403.87695,0.262456
512,2,0,0,1,107,0,400.17676,0.267382
512,2,0,0,1,108,0,394.94141,0.273458
512,2,0,0,1,109,0,409.43066,0.266223
512,2,0,0,1,110,0,413.56738,0.265978
512,2,0,0,1,111,0,395.53613,0.280632
512,2,0,0,1,112,0,393.42383,0.284680
512,2,0,0,1,113,0,436.91406,0.258632
512,2,0,0,1,114,0,436.21289,0.261340
512,2,0,0,1,115,0,438.76367,0.262100
512,2,0,0,1,116,0,435.81641,0.266167
512,2,0,0,1,117,0,438.19043,0.267007
512,2,0,0,1,118,0,443.07715,0.266319
512,2,0,0,1,119,0,444.39941,0.267777
512,2,0,0,1,120,0,436.25098,0.275071
512,2,0,0,1,121,0,442.19238,0.273637
512,2,0,0,1,122,0,452.67383,0.269510
512,2,0,0,1,123,0,446.65918,0.275378
512,2,0,0,1,124,0,437.40039,0.283493
512,2,0,0,1,125,0,438.75684,0.284896
512,2,0,0,1,126,0,438.77734,0.287162
512,2,0,0,1,127,0,438.72949,0.289472
512,2,0,0,1,128,0,437.13184,0.292818
512,2,0,0,1,129,0,1084.71582,0.118925
512,2,0,0,1,130,0,1083.32617,0.120001
512,2,0,0,1,131,0,1085.30566,0.120703
512,2,0,0,1,132,0,1083.90430,0.121782
512,2,0,0,1,133,0,1084.43262,0.122645
512,2,0,0,1,134,0,1084.15137,0.123599
512,2,0,0,1,135,0,1094.12109,0.123387
512,2,0,0,1,136,0,1082.91895,0.125586
512,2,0,0,1,137,0,1085.54199,0.126204
512,2,0,0,1,138,0,1088.95898,0.126727
512,2,0,0,1,139,0,1085.74609,0.128023
512,2,0,0,1,140,0,1086.34570,0.128872
512,2,0,0,1,141,0,1087.80371,0.129619
512,2,0,0,1,142,0,1086.78516,0.130661
512,2,0,0,1,143,0,1086.34277,0.131634
512,2,0,0,1,144,0,1087.49707,0.132414
512,2,0,0,1,145,0,1107.85449,0.130884
512,2,0,0,1,146,0,1107.74707,0.131799
512,2,0,0,1,147,0,1106.37207,0.132867
512,2,0,0,1,148,0,1103.91016,0.134069
512,2,0,0,1,149,0,1108.37500,0.134431
512,2,0,0,1,150,0,1107.18066,0.135479
512,2,0,0,1,151,0,1106.70410,0.136441
512,2,0,0,1,152,0,1106.24121,0.137402
512,2,0,0,1,153,0,1105.59473,0.138387
512,2,0,0,1,154,0,1110.30664,0.138700
512,2,0,0,1,155,0,1106.39355,0.140095
512,2,0,0,1,156,0,1105.43457,0.141121
512,2,0,0,1,157,0,1102.70312,0.142377
512,2,0,0,1,158,0,1106.86426,0.142746
512,2,0,0,1,159,0,1105.17969,0.143868
512,2,0,0,1,160,0,1104.55371,0.144855
512,2,0,0,1,161,0,1123.06934,0.143357
512,2,0,0,1,162,0,1127.70605,0.143654
512,2,0,0,1,163,0,1125.42871,0.144834
512,2,0,0,1,164,0,1122.00195,0.146167
512,2,0,0,1,165,0,1125.44531,0.146609
512,2,0,0,1,166,0,1122.74414,0.147852
512,2,0,0,1,167,0,1126.39453,0.148261
512,2,0,0,1,168,0,1124.28125,0.149429
512,2,0,0,1,169,0,1125.96289,0.150094
512,2,0,0,1,170,0,1125.35938,0.151063
512,2,0,0,1,171,0,1126.22266,0.151835
512,2,0,0,1,172,0,1126.74707,0.152652
512,2,0,0,1,173,0,1125.73340,0.153678
512,2,0,0,1,174,0,1125.12891,0.154649
512,2,0,0,1,175,0,1126.38086,0.155365
512,2,0,0,1,176,0,1122.88184,0.156740
512,2,0,0,1,177,0,1140.82031,0.155152
512,2,0,0,1,178,0,1143.22559,0.155700
512,2,0,0,1,179,0,1142.31641,0.156699
512,2,0,0,1,180,0,1141.37793,0.157704
512,2,0,0,1,181,0,1141.58496,0.158551
512,2,0,0,1,182,0,1145.69434,0.158856
512,2,0,0,1,183,0,1140.12207,0.160509
512,2,0,0,1,184,0,1140.97949,0.161265
512,2,0,0,1,185,0,1146.79980,0.161318
512,2,0,0,1,186,0,1141.45605,0.162950
512,2,0,0,1,187,0,1143.72461,0.163501
512,2,0,0,1,188,0,1142.24805,0.164588
512,2,0,0,1,189,0,1141.97852,0.165502
512,2,0,0,1,190,0,1141.69727,0.166419
512,2,0,0,1,191,0,1145.47070,0.166744
512,2,0,0,1,192,0,1142.96484,0.167984
512,2,0,0,1,193,0,1159.32910,0.166476
512,2,0,0,1,194,0,1161.02539,0.167094
512,2,0,0,1,195,0,1161.50586,0.167886
512,2,0,0,1,196,0,1160.72754,0.168860
512,2,0,0,1,197,0,1159.41016,0.169914
512,2,0,0,1,198,0,1160.36914,0.170635
512,2,0,0,1,199,0,1159.70801,0.171595
512,2,0,0,1,200,0,1159.24316,0.172526
512,2,0,0,1,201,0,1160.34961,0.173224
512,2,0,0,1,202,0,1163.30371,0.173643
512,2,0,0,1,203,0,1170.76562,0.173391
512,2,0,0,1,204,0,1160.21387,0.175830
512,2,0,0,1,205,0,1164.09961,0.176102
512,2,0,0,1,206,0,1162.65820,0.177180
512,2,0,0,1,207,0,1161.17480,0.178268
512,2,0,0,1,208,0,1166.85938,0.178256
512,2,0,0,1,209,0,1176.39746,0.177661
512,2,0,0,1,210,0,1179.94238,0.177975
512,2,0,0,1,211,0,1183.08789,0.178347
512,2,0,0,1,212,0,1178.03320,0.179961
512,2,0,0,1,213,0,1181.29102,0.180311
512,2,0,0,1,214,0,1181.72363,0.181091
512,2,0,0,1,215,0,1180.64258,0.182104
512,2,0,0,1,216,0,1186.11328,0.182107
512,2,0,0,1,217,0,1181.41406,0.183678
512,2,0,0,1,218,0,1178.71484,0.184947
512,2,0,0,1,219,0,1179.35449,0.185695
512,2,0,0,1,220,0,1178.48438,0.186680
512,2,0,0,1,221,0,1180.94141,0.187139
512,2,0,0,1,222,0,1180.44727,0.188064
512,2,0,0,1,223,0,1180.59082,0.188888
512,2,0,0,1,224,0,1177.92578,0.190165
512,2,0,0,1,225,0,1198.65625,0.187710
512,2,0,0,1,226,0,1196.88477,0.188824
512,2,0,0,1,227,0,1200.60645,0.189071
512,2,0,0,1,228,0,1194.13770,0.190933
512,2,0,0,1,229,0,1198.16992,0.191125
512,2,0,0,1,230,0,1196.67480,0.192199
512,2,0,0,1,231,0,1196.90527,0.192998
512,2,0,0,1,232,0,1196.55469,0.193890
512,2,0,0,1,233,0,1196.18848,0.194785
512,2,0,0,1,234,0,1196.97852,0.195492
512,2,0,0,1,235,0,1197.96680,0.196166
512,2,0,0,1,236,0,1198.47656,0.196917
512,2,0,0,1,237,0,1196.87402,0.198016
512,2,0,0,1,238,0,1200.48535,0.198253
512,2,0,0,1,239,0,1199.98438,0.199169
512,2,0,0,1,240,0,1198.55176,0.200242
512,2,0,0,1,241,0,1218.06543,0.197855
512,2,0,0,1,242,0,1215.97656,0.199017
512,2,0,0,1,243,0,1217.20020,0.199638
512,2,0,0,1,244,0,1213.75977,0.201028
512,2,0,0,1,245,0,1218.30078,0.201100
512,2,0,0,1,246,0,1215.46191,0.202392
512,2,0,0,1,247,0,1214.37891,0.203396
512,2,0,0,1,248,0,1214.02148,0.204280
512,2,0,0,1,249,0,1215.49316,0.204855
512,2,0,0,1,250,0,1224.73047,0.204127
512,2,0,0,1,251,0,1216.06348,0.206404
512,2,0,0,1,252,0,1216.23438,0.207197
512,2,0,0,1,253,0,1219.37012,0.207484
512,2,0,0,1,254,0,1213.92480,0.209239
512,2,0,0,1,255,0,1223.78809,0.208369
512,2,0,0,1,256,0,1213.65723,0.210933
512,2,1,0,1,262144,0,32255.13281,8.127203
512,2,1,0,1,262144,1,32047.45703,8.179869
512,2,1,0,1,262144,2,32017.90234,8.187420
512,2,1,0,1,262144,3,31990.88281,8.194335
512,2,1,0,1,262144,4,31947.29688,8.205514
512,2,1,0,1,262144,5,31971.14453,8.199394
512,2,1,0,1,262144,6,31919.86328,8.212567
512,2,1,0,1,262144,7,31938.87109,8.207679
512,2,1,0,1,1,0,135.77539,0.007365
512,2,1,0,1,2,0,135.38770,0.014772
512,2,1,0,1,3,0,136.87012,0.021919
512,2,1,0,1,4,0,134.64746,0.029707
512,2,1,0,1,5,0,135.29980,0.036955
512,2,1,0,1,6,0,135.70215,0.044214
512,2,1,0,1,7,0,136.81836,0.051163
512,2,1,0,1,8,0,134.43066,0.059510
512,2,1,0,1,9,0,135.16699,0.066584
512,2,1,0,1,10,0,134.51562,0.074341
512,2,1,0,1,11,0,136.75879,0.080434
512,2,1,0,1,12,0,134.08203,0.089497
512,2,1,0,1,13,0,136.42578,0.095290
512,2,1,0,1,14,0,135.39746,0.103399
512,2,1,0,1,15,0,134.48535,0.111536
512,2,1,0,1,16,0,135.25977,0.118291
512,2,1,0,1,17,0,185.12305,0.091831
512,2,1,0,1,18,0,179.46094,0.100300
512,2,1,0,1,19,0,180.79492,0.105091
512,2,1,0,1,20,0,179.35254,0.111512
512,2,1,0,1,21,0,180.49902,0.116344
512,2,1,0,1,22,0,179.94238,0.122261
512,2,1,0,1,23,0,182.01758,0.126361
512,2,1,0,1,24,0,178.54688,0.134418
512,2,1,0,1,25,0,188.91211,0.132337
512,2,1,0,1,26,0,180.30176,0.144203
512,2,1,0,1,27,0,184.53516,0.146314
512,2,1,0,1,28,0,178.56641,0.156804
512,2,1,0,1,29,0,181.23926,0.160009
512,2,1,0,1,30,0,182.78027,0.164131
512,2,1,0,1,31,0,179.49316,0.172709
512,2,1,0,1,32,0,179.75977,0.178015
512,2,1,0,1,33,0,221.68750,0.148858
512,2,1,0,1,34,0,223.27930,0.152276
512,2,1,0,1,35,0,223.41309,0.156660
512,2,1,0,1,36,0,221.08496,0.162833
512,2,1,0,1,37,0,222.54102,0.166261
512,2,1,0,1,38,0,221.55469,0.171515
512,2,1,0,1,39,0,223.99707,0.174109
512,2,1,0,1,40,0,221.68652,0.180435
512,2,1,0,1,41,0,223.30273,0.183607
512,2,1,0,1,42,0,223.60645,0.187830
512,2,1,0,1,43,0,226.25879,0.190048
512,2,1,0,1,44,0,222.09473,0.198114
512,2,1,0,1,45,0,223.61328,0.201240
512,2,1,0,1,46,0,223.19141,0.206101
512,2,1,0,1,47,0,223.66309,0.210137
512,2,1,0,1,48,0,221.14160,0.217055
512,2,1,0,1,49,0,265.99219,0.184216
512,2,1,0,1,50,0,263.91602,0.189454
512,2,1,0,1,51,0,266.58984,0.191305
512,2,1,0,1,52,0,264.30957,0.196739
512,2,1,0,1,53,0,266.82812,0.198630
512,2,1,0,1,54,0,264.70215,0.204003
512,2,1,0,1,55,0,266.66699,0.206250
512,2,1,0,1,56,0,265.34766,0.211044
512,2,1,0,1,57,0,266.18066,0.214140
512,2,1,0,1,58,0,266.13281,0.217936
512,2,1,0,1,59,0,268.03320,0.220122
512,2,1,0,1,60,0,265.54102,0.225954
512,2,1,0,1,61,0,267.09180,0.228386
512,2,1,0,1,62,0,267.59863,0.231690
512,2,1,0,1,63,0,266.92578,0.236021
512,2,1,0,1,64,0,265.58301,0.240979
512,2,1,0,1,65,0,307.29297,0.211525
512,2,1,0,1,66,0,310.12207,0.212819
512,2,1,0,1,67,0,308.23633,0.217366
512,2,1,0,1,68,0,307.17871,0.221370
512,2,1,0,1,69,0,323.00684,0.213618
512,2,1,0,1,70,0,308.31348,0.227042
512,2,1,0,1,71,0,310.19824,0.228886
512,2,1,0,1,72,0,307.75977,0.233949
512,2,1,0,1,73,0,324.55273,0.224925
512,2,1,0,1,74,0,308.85156,0.239597
512,2,1,0,1,75,0,323.63574,0.231742
512,2,1,0,1,76,0,328.41406,0.231415
512,2,1,0,1,77,0,309.24902,0.248990
512,2,1,0,1,78,0,309.77148,0.251799
512,2,1,0,1,79,0,310.98047,0.254035
512,2,1,0,1,80,0,308.14648,0.259617
512,2,1,0,1,81,0,350.86426,0.230859
512,2,1,0,1,82,0,353.11914,0.232216
512,2,1,0,1,83,0,352.90918,0.235188
512,2,1,0,1,84,0,349.56055,0.240302
512,2,1,0,1,85,0,352.04688,0.241445
512,2,1,0,1,86,0,359.88281,0.238967
512,2,1,0,1,87,0,354.17090,0.245644
512,2,1,0,1,88,0,350.50293,0.251068
512,2,1,0,1,89,0,351.87402,0.252931
512,2,1,0,1,90,0,353.63379,0.254501
512,2,1,0,1,91,0,354.62793,0.256607
512,2,1,0,1,92,0,376.05273,0.244647
512,2,1,0,1,93,0,352.71191,0.263671
512,2,1,0,1,94,0,352.18750,0.266903
512,2,1,0,1,95,0,365.76172,0.259732
512,2,1,0,1,96,0,363.74512,0.263921
512,2,1,0,1,97,0,411.32910,0.235821
512,2,1,0,1,98,0,394.86816,0.248184
512,2,1,0,1,99,0,395.73633,0.250167
512,2,1,0,1,100,0,393.74121,0.253974
512,2,1,0,1,101,0,394.21777,0.256204
512,2,1,0,1,102,0,393.76953,0.259035
512,2,1,0,1,103,0,396.55176,0.259739
512,2,1,0,1,104,0,392.76660,0.264788
512,2,1,0,1,105,0,405.65625,0.258840
512,2,1,0,1,106,0,394.68848,0.268566
512,2,1,0,1,107,0,397.52441,0.269166
512,2,1,0,1,108,0,394.89648,0.273489
512,2,1,0,1,109,0,396.02734,0.275234
512,2,1,0,1,110,0,395.64941,0.278024
512,2,1,0,1,111,0,414.53125,0.267772
512,2,1,0,1,112,0,393.32617,0.284751
512,2,1,0,1,113,0,437.27344,0.258420
512,2,1,0,1,114,0,437.04102,0.260845
512,2,1,0,1,115,0,438.58789,0.262205
512,2,1,0,1,116,0,435.64062,0.266275
512,2,1,0,1,117,0,438.70996,0.266691
512,2,1,0,1,118,0,437.63379,0.269632
512,2,1,0,1,119,0,439.58887,0.270707
512,2,1,0,1,120,0,436.31641,0.275030
512,2,1,0,1,121,0,439.87598,0.275078
512,2,1,0,1,122,0,438.61914,0.278146
512,2,1,0,1,123,0,439.65430,0.279765
512,2,1,0,1,124,0,460.63477,0.269194
512,2,1,0,1,125,0,438.70605,0.284929
512,2,1,0,1,126,0,453.84180,0.277630
512,2,1,0,1,127,0,454.05176,0.279704
512,2,1,0,1,128,0,444.32617,0.288077
512,2,1,0,1,129,0,1081.14746,0.119318
512,2,1,0,1,130,0,1078.76562,0.120508
512,2,1,0,1,131,0,1079.29102,0.121376
512,2,1,0,1,132,0,1080.74707,0.122138
512,2,1,0,1,133,0,1078.36914,0.123334
512,2,1,0,1,134,0,1080.03711,0.124070
512,2,1,0,1,135,0,1080.20898,0.124976
512,2,1,0,1,136,0,1078.78223,0.126068
512,2,1,0,1,137,0,1081.00684,0.126734
512,2,1,0,1,138,0,1081.70605,0.127576
512,2,1,0,1,139,0,1082.47070,0.128410
512,2,1,0,1,140,0,1082.47070,0.129334
512,2,1,0,1,141,0,1080.25684,0.130525
512,2,1,0,1,142,0,1081.17676,0.131338
512,2,1,0,1,143,0,1081.77832,0.132190
512,2,1,0,1,144,0,1080.13770,0.133316
512,2,1,0,1,145,0,1098.03711,0.132054
512,2,1,0,1,146,0,1101.19043,0.132584
512,2,1,0,1,147,0,1098.25098,0.133849
512,2,1,0,1,148,0,1099.04785,0.134662
512,2,1,0,1,149,0,1098.95312,0.135584
512,2,1,0,1,150,0,1098.52441,0.136547
512,2,1,0,1,151,0,1098.27637,0.137488
512,2,1,0,1,152,0,1099.47461,0.138248
512,2,1,0,1,153,0,1102.19336,0.138814
512,2,1,0,1,154,0,1105.71973,0.139276
512,2,1,0,1,155,0,1103.93457,0.140407
512,2,1,0,1,156,0,1098.76660,0.141977
512,2,1,0,1,157,0,1099.15527,0.142837
512,2,1,0,1,158,0,1101.88672,0.143390
512,2,1,0,1,159,0,1099.73340,0.144580
512,2,1,0,1,160,0,1097.54688,0.145780
512,2,1,0,1,161,0,1126.25098,0.142952
512,2,1,0,1,162,0,1118.19043,0.144877
512,2,1,0,1,163,0,1118.21387,0.145768
512,2,1,0,1,164,0,1119.31152,0.146519
512,2,1,0,1,165,0,1120.90918,0.147202
512,2,1,0,1,166,0,1119.42188,0.148291
512,2,1,0,1,167,0,1119.25098,0.149207
512,2,1,0,1,168,0,1118.59863,0.150188
512,2,1,0,1,169,0,1120.79102,0.150786
512,2,1,0,1,170,0,1120.04492,0.151780
512,2,1,0,1,171,0,1126.63770,0.151779
512,2,1,0,1,172,0,1118.91992,0.153720
512,2,1,0,1,173,0,1119.26172,0.154566
512,2,1,0,1,174,0,1118.31445,0.155591
512,2,1,0,1,175,0,1118.81152,0.156416
512,2,1,0,1,176,0,1126.17285,0.156282
512,2,1,0,1,177,0,1135.69336,0.155852
512,2,1,0,1,178,0,1134.62695,0.156880
512,2,1,0,1,179,0,1137.26367,0.157395
512,2,1,0,1,180,0,1123.29883,0.160242
512,2,1,0,1,181,0,1140.79102,0.158662
512,2,1,0,1,182,0,1138.51855,0.159857
512,2,1,0,1,183,0,1137.50488,0.160878
512,2,1,0,1,184,0,1135.98535,0.161974
512,2,1,0,1,185,0,1138.81836,0.162449
512,2,1,0,1,186,0,1144.92773,0.162456
512,2,1,0,1,187,0,1137.55176,0.164388
512,2,1,0,1,188,0,1137.38672,0.165291
512,2,1,0,1,189,0,1137.20410,0.166197
512,2,1,0,1,190,0,1136.25977,0.167215
512,2,1,0,1,191,0,1136.57422,0.168049
512,2,1,0,1,192,0,1136.95508,0.168872
512,2,1,0,1,193,0,1154.23535,0.167210
512,2,1,0,1,194,0,1153.85352,0.168132
512,2,1,0,1,195,0,1155.76367,0.168720
512,2,1,0,1,196,0,1154.77930,0.169729
512,2,1,0,1,197,0,1155.43555,0.170498
512,2,1,0,1,198,0,1156.57520,0.171195
512,2,1,0,1,199,0,1159.65625,0.171603
512,2,1,0,1,200,0,1155.05957,0.173151
512,2,1,0,1,201,0,1159.82812,0.173302
512,2,1,0,1,202,0,1143.58008,0.176638
512,2,1,0,1,203,0,1156.50098,0.175529
512,2,1,0,1,204,0,1157.53027,0.176237
512,2,1,0,1,205,0,1157.31543,0.177134
512,2,1,0,1,206,0,1154.81445,0.178384
512,2,1,0,1,207,0,1154.68750,0.179269
512,2,1,0,1,208,0,1156.53809,0.179847
512,2,1,0,1,209,0,1175.38867,0.177814
512,2,1,0,1,210,0,1173.90039,0.178891
512,2,1,0,1,211,0,1174.61328,0.179634
512,2,1,0,1,212,0,1174.45020,0.180510
512,2,1,0,1,213,0,1174.53613,0.181348
512,2,1,0,1,214,0,1173.51270,0.182358
512,2,1,0,1,215,0,1175.79980,0.182854
512,2,1,0,1,216,0,1172.31738,0.184250
512,2,1,0,1,217,0,1193.23828,0.181858
512,2,1,0,1,218,0,1173.85449,0.185713
512,2,1,0,1,219,0,1174.83398,0.186409
512,2,1,0,1,220,0,1173.68262,0.187444
512,2,1,0,1,221,0,1183.03223,0.186808
512,2,1,0,1,222,0,1174.10156,0.189081
512,2,1,0,1,223,0,1174.25586,0.189908
512,2,1,0,1,224,0,1176.23730,0.190438
512,2,1,0,1,225,0,1192.14746,0.188735
512,2,1,0,1,226,0,1190.62109,0.189817
512,2,1,0,1,227,0,1196.77734,0.189676
512,2,1,0,1,228,0,1178.24902,0.193507
512,2,1,0,1,229,0,1194.02930,0.191788
512,2,1,0,1,230,0,1191.45312,0.193042
512,2,1,0,1,231,0,1198.22266,0.192786
512,2,1,0,1,232,0,1190.98535,0.194797
512,2,1,0,1,233,0,1194.74707,0.195020
512,2,1,0,1,234,0,1194.06543,0.195969
512,2,1,0,1,235,0,1191.36523,0.197253
512,2,1,0,1,236,0,1193.85352,0.197679
512,2,1,0,1,237,0,1194.95703,0.198333
512,2,1,0,1,238,0,1193.16895,0.199469
512,2,1,0,1,239,0,1191.61914,0.200567
512,2,1,0,1,240,0,1191.50586,0.201426
512,2,1,0,1,241,0,1210.01074,0.199172
512,2,1,0,1,242,0,1209.84473,0.200026
512,2,1,0,1,243,0,1210.78320,0.200697
512,2,1,0,1,244,0,1209.98242,0.201656
512,2,1,0,1,245,0,1217.56641,0.201221
512,2,1,0,1,246,0,1209.51074,0.203388
512,2,1,0,1,247,0,1209.57227,0.204204
512,2,1,0,1,248,0,1210.41309,0.204889
512,2,1,0,1,249,0,1199.09570,0.207656
512,2,1,0,1,250,0,1213.17188,0.206071
512,2,1,0,1,251,0,1208.01758,0.207778
512,2,1,0,1,252,0,1212.91602,0.207764
512,2,1,0,1,253,0,1211.31348,0.208864
512,2,1,0,1,254,0,1210.18457,0.209885
512,2,1,0,1,255,0,1211.05176,0.210561
512,2,1,0,1,256,0,1212.71973,0.211096
512,3,0,0,1,262144,0,19116.04297,13.713298
512,3,0,0,1,262144,1,19107.63281,13.719334
512,3,0,0,1,262144,2,19130.89453,13.702653
512,3,0,0,1,262144,3,19088.91016,13.732790
512,3,0,0,1,262144,4,19146.12891,13.691749
512,3,0,0,1,262144,5,19109.96484,13.717660
512,3,0,0,1,262144,6,19151.69141,13.687773
512,3,0,0,1,262144,7,19101.16406,13.723980
512,3,0,0,1,1,0,139.46094,0.007170
512,3,0,0,1,2,0,138.65039,0.014425
512,3,0,0,1,3,0,139.87598,0.021448
512,3,0,0,1,4,0,137.89355,0.029008
512,3,0,0,1,5,0,137.42871,0.036382
512,3,0,0,1,6,0,136.47168,0.043965
512,3,0,0,1,7,0,135.67383,0.051594
512,3,0,0,1,8,0,134.21777,0.059605
512,3,0,0,1,9,0,143.07812,0.062903
512,3,0,0,1,10,0,134.57422,0.074308
512,3,0,0,1,11,0,136.45508,0.080613
512,3,0,0,1,12,0,134.86328,0.088979
512,3,0,0,1,13,0,135.41211,0.096003
512,3,0,0,1,14,0,134.80664,0.103852
512,3,0,0,1,15,0,134.87598,0.111213
512,3,0,0,1,16,0,135.56836,0.118022
512,3,0,0,1,17,0,179.40234,0.094759
512,3,0,0,1,18,0,178.48730,0.100848
512,3,0,0,1,19,0,180.73145,0.105128
512,3,0,0,1,20,0,179.73438,0.111275
512,3,0,0,1,21,0,182.00586,0.115381
512,3,0,0,1,22,0,181.59863,0.121146
512,3,0,0,1,23,0,180.28906,0.127573
512,3,0,0,1,24,0,178.00000,0.134831
512,3,0,0,1,25,0,181.11621,0.138033
512,3,0,0,1,26,0,181.30078,0.143408
512,3,0,0,1,27,0,182.97949,0.147558
512,3,0,0,1,28,0,178.46094,0.156897
512,3,0,0,1,29,0,182.34570,0.159039
512,3,0,0,1,30,0,182.01953,0.164817
512,3,0,0,1,31,0,181.61230,0.170693
512,3,0,0,1,32,0,178.73926,0.179032
512,3,0,0,1,33,0,221.56055,0.148943
512,3,0,0,1,34,0,222.42676,0.152859
512,3,0,0,1,35,0,223.04297,0.156920
512,3,0,0,1,36,0,221.10352,0.162820
512,3,0,0,1,37,0,222.22949,0.166495
512,3,0,0,1,38,0,221.63672,0.171452
512,3,0,0,1,39,0,223.88770,0.174194
512,3,0,0,1,40,0,222.01855,0.180165
512,3,0,0,1,41,0,222.94629,0.183901
512,3,0,0,1,42,0,222.67578,0.188615
512,3,0,0,1,43,0,225.34180,0.190821
512,3,0,0,1,44,0,222.67773,0.197595
512,3,0,0,1,45,0,224.16504,0.200745
512,3,0,0,1,46,0,223.39355,0.205915
512,3,0,0,1,47,0,223.78418,0.210024
512,3,0,0,1,48,0,222.31055,0.215914
512,3,0,0,1,49,0,264.87305,0.184994
512,3,0,0,1,50,0,263.87402,0.189484
512,3,0,0,1,51,0,267.00000,0.191011
512,3,0,0,1,52,0,264.39648,0.196674
512,3,0,0,1,53,0,266.60156,0.198799
512,3,0,0,1,54,0,265.26172,0.203573
512,3,0,0,1,55,0,266.83887,0.206117
512,3,0,0,1,56,0,264.55371,0.211677
512,3,0,0,1,57,0,266.21484,0.214113
512,3,0,0,1,58,0,266.22559,0.217860
512,3,0,0,1,59,0,268.49902,0.219740
512,3,0,0,1,60,0,266.32129,0.225292
512,3,0,0,1,61,0,267.25684,0.228245
512,3,0,0,1,62,0,266.32422,0.232799
512,3,0,0,1,63,0,266.69141,0.236228
512,3,0,0,1,64,0,265.42871,0.241119
512,3,0,0,1,65,0,309.25879,0.210180
512,3,0,0,1,66,0,308.99512,0.213596
512,3,0,0,1,67,0,308.42773,0.217231
512,3,0,0,1,68,0,327.21289,0.207816
512,3,0,0,1,69,0,308.98242,0.223314
512,3,0,0,1,70,0,307.96777,0.227297
512,3,0,0,1,71,0,324.28711,0.218942
512,3,0,0,1,72,0,307.20605,0.234370
512,3,0,0,1,73,0,308.98633,0.236256
512,3,0,0,1,74,0,328.52051,0.225252
512,3,0,0,1,75,0,311.50293,0.240768
512,3,0,0,1,76,0,308.26660,0.246540
512,3,0,0,1,77,0,308.83984,0.249320
512,3,0,0,1,78,0,309.92188,0.251676
512,3,0,0,1,79,0,309.43945,0.255300
512,3,0,0,1,80,0,308.19043,0.259580
512,3,0,0,1,81,0,350.91699,0.230824
512,3,0,0,1,82,0,352.16309,0.232847
512,3,0,0,1,83,0,354.15527,0.234360
512,3,0,0,1,84,0,376.70508,0.222986
512,3,0,0,1,85,0,360.66992,0.235673
512,3,0,0,1,86,0,351.62891,0.244576
512,3,0,0,1,87,0,351.76465,0.247324
512,3,0,0,1,88,0,349.59766,0.251718
512,3,0,0,1,89,0,352.63379,0.252386
512,3,0,0,1,90,0,372.56836,0.241566
512,3,0,0,1,91,0,353.27637,0.257589
512,3,0,0,1,92,0,351.64844,0.261625
512,3,0,0,1,93,0,368.10059,0.252648
512,3,0,0,1,94,0,366.47656,0.256497
512,3,0,0,1,95,0,365.42578,0.259971
512,3,0,0,1,96,0,351.26855,0.273295
512,3,0,0,1,97,0,394.06250,0.246154
512,3,0,0,1,98,0,413.43359,0.237039
512,3,0,0,1,99,0,407.03223,0.243224
512,3,0,0,1,100,0,394.08008,0.253756
512,3,0,0,1,101,0,393.73145,0.256520
512,3,0,0,1,102,0,393.85547,0.258978
512,3,0,0,1,103,0,398.31250,0.258591
512,3,0,0,1,104,0,393.21777,0.264484
512,3,0,0,1,105,0,401.83691,0.261300
512,3,0,0,1,106,0,394.84766,0.268458
512,3,0,0,1,107,0,397.91309,0.268903
512,3,0,0,1,108,0,397.05273,0.272004
512,3,0,0,1,109,0,408.12207,0.267077
512,3,0,0,1,110,0,395.61426,0.278049
512,3,0,0,1,111,0,395.70898,0.280509
512,3,0,0,1,112,0,394.41113,0.283968
512,3,0,0,1,113,0,450.74316,0.250697
512,3,0,0,1,114,0,439.23730,0.259541
512,3,0,0,1,115,0,438.16797,0.262456
512,3,0,0,1,116,0,449.08301,0.258304
512,3,0,0,1,117,0,438.55566,0.266785
512,3,0,0,1,118,0,445.88672,0.264641
512,3,0,0,1,119,0,440.41895,0.270197
512,3,0,0,1,120,0,449.51270,0.266956
512,3,0,0,1,121,0,451.29297,0.268119
512,3,0,0,1,122,0,438.92188,0.277954
512,3,0,0,1,123,0,439.70117,0.279735
512,3,0,0,1,124,0,452.74414,0.273885
512,3,0,0,1,125,0,438.58789,0.285006
512,3,0,0,1,126,0,449.93359,0.280041
512,3,0,0,1,127,0,438.73535,0.289468
512,3,0,0,1,128,0,437.03906,0.292880
512,3,0,0,1,129,0,1086.91309,0.118685
512,3,0,0,1,130,0,1083.59766,0.119971
512,3,0,0,1,131,0,1084.70020,0.120771
512,3,0,0,1,132,0,1086.41406,0.121501
512,3,0,0,1,133,0,1083.50293,0.122750
512,3,0,0,1,134,0,1082.28613,0.123812
512,3,0,0,1,135,0,1088.07812,0.124072
512,3,0,0,1,136,0,1085.29297,0.125312
512,3,0,0,1,137,0,1084.01465,0.126382
512,3,0,0,1,138,0,1086.99609,0.126955
512,3,0,0,1,139,0,1086.44922,0.127940
512,3,0,0,1,140,0,1085.91016,0.128924
512,3,0,0,1,141,0,1088.67285,0.129515
512,3,0,0,1,142,0,1085.32520,0.130836
512,3,0,0,1,143,0,1085.85938,0.131693
512,3,0,0,1,144,0,1085.55664,0.132651
512,3,0,0,1,145,0,1167.94141,0.124150
512,3,0,0,1,146,0,1105.62793,0.132052
512,3,0,0,1,147,0,1107.37988,0.132746
512,3,0,0,1,148,0,1108.27637,0.133541
512,3,0,0,1,149,0,1106.51758,0.134657
512,3,0,0,1,150,0,1107.29883,0.135465
512,3,0,0,1,151,0,1104.64551,0.136695
512,3,0,0,1,152,0,1107.36621,0.137263
512,3,0,0,1,153,0,1106.94336,0.138218
512,3,0,0,1,154,0,1092.85742,0.140915
512,3,0,0,1,155,0,1113.26855,0.139230
512,3,0,0,1,156,0,1106.42969,0.140994
512,3,0,0,1,157,0,1104.42578,0.142155
512,3,0,0,1,158,0,1106.19336,0.142832
512,3,0,0,1,159,0,1105.98340,0.143763
512,3,0,0,1,160,0,1103.95020,0.144934
512,3,0,0,1,161,0,1123.91797,0.143249
512,3,0,0,1,162,0,1125.43652,0.143944
512,3,0,0,1,163,0,1124.80664,0.144914
512,3,0,0,1,164,0,1120.87891,0.146314
512,3,0,0,1,165,0,1122.89746,0.146941
512,3,0,0,1,166,0,1121.74805,0.147983
512,3,0,0,1,167,0,1124.71191,0.148482
512,3,0,0,1,168,0,1124.66211,0.149378
512,3,0,0,1,169,0,1123.99707,0.150356
512,3,0,0,1,170,0,1126.32422,0.150933
512,3,0,0,1,171,0,1123.08398,0.152259
512,3,0,0,1,172,0,1124.35742,0.152976
512,3,0,0,1,173,0,1126.23633,0.153609
512,3,0,0,1,174,0,1124.21680,0.154774
512,3,0,0,1,175,0,1127.93164,0.155151
512,3,0,0,1,176,0,1122.85742,0.156743
512,3,0,0,1,177,0,1142.68848,0.154898
512,3,0,0,1,178,0,1144.64551,0.155507
512,3,0,0,1,179,0,1142.52734,0.156670
512,3,0,0,1,180,0,1149.69824,0.156563
512,3,0,0,1,181,0,1141.31348,0.158589
512,3,0,0,1,182,0,1144.20898,0.159062
512,3,0,0,1,183,0,1140.67871,0.160431
512,3,0,0,1,184,0,1141.11621,0.161246
512,3,0,0,1,185,0,1143.09766,0.161841
512,3,0,0,1,186,0,1141.82617,0.162897
512,3,0,0,1,187,0,1142.99121,0.163606
512,3,0,0,1,188,0,1141.48242,0.164698
512,3,0,0,1,189,0,1142.10938,0.165483
512,3,0,0,1,190,0,1143.18457,0.166202
512,3,0,0,1,191,0,1141.79102,0.167281
512,3,0,0,1,192,0,1140.75098,0.168310
512,3,0,0,1,193,0,1161.34375,0.166187
512,3,0,0,1,194,0,1161.23535,0.167063
512,3,0,0,1,195,0,1162.19238,0.167786
512,3,0,0,1,196,0,1158.33594,0.169208
512,3,0,0,1,197,0,1159.88281,0.169845
512,3,0,0,1,198,0,1159.81250,0.170717
512,3,0,0,1,199,0,1159.10547,0.171684
512,3,0,0,1,200,0,1159.71387,0.172456
512,3,0,0,1,201,0,1161.33203,0.173077
512,3,0,0,1,202,0,1161.13672,0.173967
512,3,0,0,1,203,0,1160.87500,0.174868
512,3,0,0,1,204,0,1160.18164,0.175835
512,3,0,0,1,205,0,1160.90234,0.176587
512,3,0,0,1,206,0,1164.02246,0.176973
512,3,0,0,1,207,0,1161.65723,0.178194
512,3,0,0,1,208,0,1161.97461,0.179006
512,3,0,0,1,209,0,1179.69141,0.177165
512,3,0,0,1,210,0,1178.65723,0.178169
512,3,0,0,1,211,0,1179.41309,0.178903
512,3,0,0,1,212,0,1176.69141,0.180166
512,3,0,0,1,213,0,1177.39453,0.180908
512,3,0,0,1,214,0,1185.77051,0.180473
512,3,0,0,1,215,0,1177.73730,0.182553
512,3,0,0,1,216,0,1179.48047,0.183131
512,3,0,0,1,217,0,1180.43066,0.183831
512,3,0,0,1,218,0,1178.76465,0.184939
512,3,0,0,1,219,0,1179.14941,0.185727
512,3,0,0,1,220,0,1184.25488,0.185771
512,3,0,0,1,221,0,1181.55762,0.187041
512,3,0,0,1,222,0,1181.10547,0.187960
512,3,0,0,1,223,0,1179.84863,0.189007
512,3,0,0,1,224,0,1178.33203,0.190099
512,3,0,0,1,225,0,1200.02930,0.187495
512,3,0,0,1,226,0,1198.19727,0.188617
512,3,0,0,1,227,0,1199.10938,0.189307
512,3,0,0,1,228,0,1195.87500,0.190655
512,3,0,0,1,229,0,1198.45215,0.191080
512,3,0,0,1,230,0,1196.94238,0.192156
512,3,0,0,1,231,0,1197.39160,0.192919
512,3,0,0,1,232,0,1195.71094,0.194027
512,3,0,0,1,233,0,1202.14941,0.193820
512,3,0,0,1,234,0,1197.84668,0.195351
512,3,0,0,1,235,0,1197.65137,0.196217
512,3,0,0,1,236,0,1197.76367,0.197034
512,3,0,0,1,237,0,1197.19336,0.197963
512,3,0,0,1,238,0,1199.21875,0.198463
512,3,0,0,1,239,0,1209.97168,0.197525
512,3,0,0,1,240,0,1197.28027,0.200454
512,3,0,0,1,241,0,1214.58691,0.198421
512,3,0,0,1,242,0,1215.20020,0.199144
512,3,0,0,1,243,0,1214.80762,0.200032
512,3,0,0,1,244,0,1214.14551,0.200964
512,3,0,0,1,245,0,1217.55273,0.201223
512,3,0,0,1,246,0,1214.24023,0.202596
512,3,0,0,1,247,0,1218.14941,0.202767
512,3,0,0,1,248,0,1225.57031,0.202355
512,3,0,0,1,249,0,1216.15527,0.204744
512,3,0,0,1,250,0,1215.98926,0.205594
512,3,0,0,1,251,0,1213.28516,0.206876
512,3,0,0,1,252,0,1217.48047,0.206985
512,3,0,0,1,253,0,1214.79980,0.208265
512,3,0,0,1,254,0,1211.81641,0.209603
512,3,0,0,1,255,0,1218.80176,0.209222
512,3,0,0,1,256,0,1217.47559,0.210271
512,3,1,0,1,262144,0,18561.43750,14.123044
512,3,1,0,1,262144,1,18542.56250,14.137420
512,3,1,0,1,262144,2,18518.09766,14.156098
512,3,1,0,1,262144,3,18538.03125,14.140876
512,3,1,0,1,262144,4,18492.48438,14.175705
512,3,1,0,1,262144,5,18528.38281,14.148240
512,3,1,0,1,262144,6,18481.05469,14.184472
512,3,1,0,1,262144,7,18487.89844,14.179221
512,3,1,0,1,1,0,139.41016,0.007173
512,3,1,0,1,2,0,139.14062,0.014374
512,3,1,0,1,3,0,139.31836,0.021533
512,3,1,0,1,4,0,138.60645,0.028859
512,3,1,0,1,5,0,136.45898,0.036641
512,3,1,0,1,6,0,136.12305,0.044078
512,3,1,0,1,7,0,144.26562,0.048522
512,3,1,0,1,8,0,134.42090,0.059515
512,3,1,0,1,9,0,135.13965,0.066598
512,3,1,0,1,10,0,136.46875,0.073277
512,3,1,0,1,11,0,136.80078,0.080409
512,3,1,0,1,12,0,134.56641,0.089175
512,3,1,0,1,13,0,135.07520,0.096243
512,3,1,0,1,14,0,134.83594,0.103830
512,3,1,0,1,15,0,134.89844,0.111195
512,3,1,0,1,16,0,134.66406,0.118814
512,3,1,0,1,17,0,179.44922,0.094734
512,3,1,0,1,18,0,179.01660,0.100549
512,3,1,0,1,19,0,181.75977,0.104534
512,3,1,0,1,20,0,178.54297,0.112018
512,3,1,0,1,21,0,181.41309,0.115758
512,3,1,0,1,22,0,181.09082,0.121486
512,3,1,0,1,23,0,180.69336,0.127287
512,3,1,0,1,24,0,177.74023,0.135029
512,3,1,0,1,25,0,181.78711,0.137524
512,3,1,0,1,26,0,179.09668,0.145173
512,3,1,0,1,27,0,181.96191,0.148383
512,3,1,0,1,28,0,180.59766,0.155041
512,3,1,0,1,29,0,181.24023,0.160009
512,3,1,0,1,30,0,180.46289,0.166239
512,3,1,0,1,31,0,180.09766,0.172129
512,3,1,0,1,32,0,178.77441,0.178997
512,3,1,0,1,33,0,221.80859,0.148777
512,3,1,0,1,34,0,223.00586,0.152462
512,3,1,0,1,35,0,223.67676,0.156476
512,3,1,0,1,36,0,221.29688,0.162677
512,3,1,0,1,37,0,222.96875,0.165943
512,3,1,0,1,38,0,221.71582,0.171391
512,3,1,0,1,39,0,224.20996,0.173944
512,3,1,0,1,40,0,221.21191,0.180822
512,3,1,0,1,41,0,223.04199,0.183822
512,3,1,0,1,42,0,222.20605,0.189014
512,3,1,0,1,43,0,225.89258,0.190356
512,3,1,0,1,44,0,222.34668,0.197889
512,3,1,0,1,45,0,223.86816,0.201011
512,3,1,0,1,46,0,223.71289,0.205621
512,3,1,0,1,47,0,223.94238,0.209875
512,3,1,0,1,48,0,222.38770,0.215839
512,3,1,0,1,49,0,265.63379,0.184464
512,3,1,0,1,50,0,265.46680,0.188347
512,3,1,0,1,51,0,266.90332,0.191080
512,3,1,0,1,52,0,263.96875,0.196993
512,3,1,0,1,53,0,274.50488,0.193075
512,3,1,0,1,54,0,280.03320,0.192834
512,3,1,0,1,55,0,266.50293,0.206377
512,3,1,0,1,56,0,264.55762,0.211674
512,3,1,0,1,57,0,266.03906,0.214254
512,3,1,0,1,58,0,266.33691,0.217769
512,3,1,0,1,59,0,267.05176,0.220931
512,3,1,0,1,60,0,266.31934,0.225293
512,3,1,0,1,61,0,267.00879,0.228457
512,3,1,0,1,62,0,266.74609,0.232431
512,3,1,0,1,63,0,266.77148,0.236157
512,3,1,0,1,64,0,265.11621,0.241404
512,3,1,0,1,65,0,307.19141,0.211594
512,3,1,0,1,66,0,309.11719,0.213511
512,3,1,0,1,67,0,315.47363,0.212379
512,3,1,0,1,68,0,309.45312,0.219742
512,3,1,0,1,69,0,308.52637,0.223644
512,3,1,0,1,70,0,307.68945,0.227502
512,3,1,0,1,71,0,311.41211,0.227994
512,3,1,0,1,72,0,307.29297,0.234304
512,3,1,0,1,73,0,308.82422,0.236380
512,3,1,0,1,74,0,310.21484,0.238544
512,3,1,0,1,75,0,312.42969,0.240054
512,3,1,0,1,76,0,309.10938,0.245868
512,3,1,0,1,77,0,308.72461,0.249413
512,3,1,0,1,78,0,309.79395,0.251780
512,3,1,0,1,79,0,332.82910,0.237359
512,3,1,0,1,80,0,307.96191,0.259772
512,3,1,0,1,81,0,350.01562,0.231418
512,3,1,0,1,82,0,349.98340,0.234297
512,3,1,0,1,83,0,366.50781,0.226462
512,3,1,0,1,84,0,351.57031,0.238928
512,3,1,0,1,85,0,352.57129,0.241086
512,3,1,0,1,86,0,351.96094,0.244345
512,3,1,0,1,87,0,363.46973,0.239360
512,3,1,0,1,88,0,363.44824,0.242125
512,3,1,0,1,89,0,352.00488,0.252837
512,3,1,0,1,90,0,352.64746,0.255212
512,3,1,0,1,91,0,365.92090,0.248688
512,3,1,0,1,92,0,364.99121,0.252061
512,3,1,0,1,93,0,352.65430,0.263714
512,3,1,0,1,94,0,352.99902,0.266290
512,3,1,0,1,95,0,372.44141,0.255074
512,3,1,0,1,96,0,377.95117,0.254001
512,3,1,0,1,97,0,597.98145,0.162212
512,3,1,0,1,98,0,396.67773,0.247052
512,3,1,0,1,99,0,394.16504,0.251164
512,3,1,0,1,100,0,393.80469,0.253933
512,3,1,0,1,101,0,394.49219,0.256025
512,3,1,0,1,102,0,393.70410,0.259078
512,3,1,0,1,103,0,396.84863,0.259545
512,3,1,0,1,104,0,401.00098,0.259351
512,3,1,0,1,105,0,396.90820,0.264545
512,3,1,0,1,106,0,395.09766,0.268288
512,3,1,0,1,107,0,398.46973,0.268527
512,3,1,0,1,108,0,394.42676,0.273815
512,3,1,0,1,109,0,395.60547,0.275527
512,3,1,0,1,110,0,395.38477,0.278210
512,3,1,0,1,111,0,396.05176,0.280266
512,3,1,0,1,112,0,395.31738,0.283317
512,3,1,0,1,113,0,458.25098,0.246590
512,3,1,0,1,114,0,436.18164,0.261359
512,3,1,0,1,115,0,453.88574,0.253368
512,3,1,0,1,116,0,435.83789,0.266154
512,3,1,0,1,117,0,458.19922,0.255347
512,3,1,0,1,118,0,437.19043,0.269905
512,3,1,0,1,119,0,437.63477,0.271916
512,3,1,0,1,120,0,436.13965,0.275141
512,3,1,0,1,121,0,438.10449,0.276190
512,3,1,0,1,122,0,439.71289,0.277454
512,3,1,0,1,123,0,440.14941,0.279451
512,3,1,0,1,124,0,437.40430,0.283491
512,3,1,0,1,125,0,438.65430,0.284962
512,3,1,0,1,126,0,437.87793,0.287751
512,3,1,0,1,127,0,438.60742,0.289553
512,3,1,0,1,128,0,437.07812,0.292854
512,3,1,0,1,129,0,1080.10547,0.119433
512,3,1,0,1,130,0,1078.36328,0.120553
512,3,1,0,1,131,0,1079.09961,0.121398
512,3,1,0,1,132,0,1080.41113,0.122176
512,3,1,0,1,133,0,1082.56250,0.122857
512,3,1,0,1,134,0,1077.91602,0.124314
512,3,1,0,1,135,0,1079.97656,0.125003
512,3,1,0,1,136,0,1080.12207,0.125912
512,3,1,0,1,137,0,1079.37109,0.126926
512,3,1,0,1,138,0,1067.82324,0.129235
512,3,1,0,1,139,0,1081.97754,0.128468
512,3,1,0,1,140,0,1079.75000,0.129660
512,3,1,0,1,141,0,1084.64258,0.129997
512,3,1,0,1,142,0,1083.27637,0.131084
512,3,1,0,1,143,0,1080.08008,0.132398
512,3,1,0,1,144,0,1079.03613,0.133452
512,3,1,0,1,145,0,1097.18848,0.132156
512,3,1,0,1,146,0,1098.19434,0.132946
512,3,1,0,1,147,0,1098.46582,0.133823
512,3,1,0,1,148,0,1100.61133,0.134471
512,3,1,0,1,149,0,1099.87109,0.135470
512,3,1,0,1,150,0,1098.41113,0.136561
512,3,1,0,1,151,0,1098.69434,0.137436
512,3,1,0,1,152,0,1102.04785,0.137925
512,3,1,0,1,153,0,1101.86621,0.138855
512,3,1,0,1,154,0,1099.25684,0.140095
512,3,1,0,1,155,0,1099.64844,0.140954
512,3,1,0,1,156,0,1098.48047,0.142014
512,3,1,0,1,157,0,1099.60547,0.142778
512,3,1,0,1,158,0,1100.68750,0.143547
512,3,1,0,1,159,0,1100.04980,0.144539
512,3,1,0,1,160,0,1101.57031,0.145247
512,3,1,0,1,161,0,1116.65918,0.144180
512,3,1,0,1,162,0,1118.12207,0.144886
512,3,1,0,1,163,0,1125.23047,0.144859
512,3,1,0,1,164,0,1116.96680,0.146826
512,3,1,0,1,165,0,1119.52930,0.147383
512,3,1,0,1,166,0,1119.20996,0.148319
512,3,1,0,1,167,0,1121.15723,0.148953
512,3,1,0,1,168,0,1118.74316,0.150169
512,3,1,0,1,169,0,1118.54980,0.151088
512,3,1,0,1,170,0,1127.70410,0.150749
512,3,1,0,1,171,0,1118.28711,0.152912
512,3,1,0,1,172,0,1117.90137,0.153860
512,3,1,0,1,173,0,1121.11621,0.154310
512,3,1,0,1,174,0,1118.74707,0.155531
512,3,1,0,1,175,0,1120.03906,0.156245
512,3,1,0,1,176,0,1117.86230,0.157443
512,3,1,0,1,177,0,1136.46484,0.155746
512,3,1,0,1,178,0,1143.65527,0.155641
512,3,1,0,1,179,0,1136.52051,0.157498
512,3,1,0,1,180,0,1143.83203,0.157366
512,3,1,0,1,181,0,1137.70801,0.159092
512,3,1,0,1,182,0,1138.73340,0.159827
512,3,1,0,1,183,0,1140.01562,0.160524
512,3,1,0,1,184,0,1135.47266,0.162047
512,3,1,0,1,185,0,1136.48730,0.162782
512,3,1,0,1,186,0,1136.10938,0.163717
512,3,1,0,1,187,0,1141.52148,0.163816
512,3,1,0,1,188,0,1139.13770,0.165037
512,3,1,0,1,189,0,1136.65625,0.166277
512,3,1,0,1,190,0,1135.56934,0.167317
512,3,1,0,1,191,0,1139.29883,0.167647
512,3,1,0,1,192,0,1137.56348,0.168782
512,3,1,0,1,193,0,1155.11523,0.167083
512,3,1,0,1,194,0,1158.43262,0.167468
512,3,1,0,1,195,0,1155.45410,0.168765
512,3,1,0,1,196,0,1155.82520,0.169576
512,3,1,0,1,197,0,1156.02246,0.170412
512,3,1,0,1,198,0,1158.33008,0.170936
512,3,1,0,1,199,0,1153.88477,0.172461
512,3,1,0,1,200,0,1154.16211,0.173286
512,3,1,0,1,201,0,1156.42676,0.173811
512,3,1,0,1,202,0,1156.59375,0.174651
512,3,1,0,1,203,0,1156.71289,0.175497
512,3,1,0,1,204,0,1155.87891,0.176489
512,3,1,0,1,205,0,1155.87891,0.177354
512,3,1,0,1,206,0,1157.89160,0.177910
512,3,1,0,1,207,0,1157.50098,0.178834
512,3,1,0,1,208,0,1161.31738,0.179107
512,3,1,0,1,209,0,1176.31641,0.177673
512,3,1,0,1,210,0,1172.38379,0.179122
512,3,1,0,1,211,0,1179.50586,0.178888
512,3,1,0,1,212,0,1172.70605,0.180778
512,3,1,0,1,213,0,1175.74902,0.181161
512,3,1,0,1,214,0,1173.66406,0.182335
512,3,1,0,1,215,0,1173.02148,0.183287
512,3,1,0,1,216,0,1175.45020,0.183759
512,3,1,0,1,217,0,1175.87598,0.184543
512,3,1,0,1,218,0,1173.74609,0.185730
512,3,1,0,1,219,0,1182.82324,0.185150
512,3,1,0,1,220,0,1175.53906,0.187148
512,3,1,0,1,221,0,1173.52441,0.188322
512,3,1,0,1,222,0,1175.67188,0.188828
512,3,1,0,1,223,0,1173.83398,0.189976
512,3,1,0,1,224,0,1176.07715,0.190464
512,3,1,0,1,225,0,1192.43066,0.188690
512,3,1,0,1,226,0,1192.17773,0.189569
512,3,1,0,1,227,0,1193.36914,0.190218
512,3,1,0,1,228,0,1192.13770,0.191253
512,3,1,0,1,229,0,1192.61230,0.192015
512,3,1,0,1,230,0,1191.72852,0.192997
512,3,1,0,1,231,0,1191.95508,0.193799
512,3,1,0,1,232,0,1191.35156,0.194737
512,3,1,0,1,233,0,1193.40430,0.195240
512,3,1,0,1,234,0,1195.32031,0.195763
512,3,1,0,1,235,0,1192.81152,0.197014
512,3,1,0,1,236,0,1191.22461,0.198115
512,3,1,0,1,237,0,1192.27344,0.198780
512,3,1,0,1,238,0,1193.67090,0.199385
512,3,1,0,1,239,0,1192.99512,0.200336
512,3,1,0,1,240,0,1190.76758,0.201551
512,3,1,0,1,241,0,1210.86230,0.199032
512,3,1,0,1,242,0,1208.42969,0.200260
512,3,1,0,1,243,0,1213.26855,0.200285
512,3,1,0,1,244,0,1212.42969,0.201249
512,3,1,0,1,245,0,1208.90332,0.202663
512,3,1,0,1,246,0,1208.70801,0.203523
512,3,1,0,1,247,0,1212.88477,0.203647
512,3,1,0,1,248,0,1210.02539,0.204954
512,3,1,0,1,249,0,1209.20703,0.205920
512,3,1,0,1,250,0,1210.68945,0.206494
512,3,1,0,1,251,0,1209.04980,0.207601
512,3,1,0,1,252,0,1208.93848,0.208447
512,3,1,0,1,253,0,1213.32617,0.208518
512,3,1,0,1,254,0,1209.88867,0.209937
512,3,1,0,1,255,0,1218.59180,0.209258
512,3,1,0,1,256,0,1209.20410,0.211710
512,3,0,1,0,262144,0,52982.04688,4.947789
512,3,0,1,1,262144,0,70040.87500,3.742729
512,3,0,2,0,262144,0,51823.79688,5.058371
512,3,0,2,1,262144,0,63096.67188,4.154641
512,3,0,4,0,262144,0,52212.48438,5.020715
512,3,0,4,1,262144,0,63567.50000,4.123868
512,3,0,8,0,262144,0,52450.70312,4.997912
512,3,0,8,1,262144,0,63590.56250,4.122373
